Model,MAE,MSE,RMSE,R2
LSTM,2.2397680829196425,9.141946681506827,3.0235652269310855,-0.022616569609060777
BiLSTM,2.292726537845409,9.536989043238787,3.0882015872087734,-0.06680593965010484
CNN,2.2950949875669853,9.625961617122073,3.102573386258909,-0.07675839632739723
RFR,2.351790692697703,9.976861303286984,3.1586169921798026,-0.11600997433853832
