Model,MAE,MSE,RMSE,R2
LSTM,1.3612412935266265,4.291085470063487,2.0714935360902014,0.5227102715065683
BiLSTM,1.3622545306929135,4.321465452904421,2.078813472369376,0.5193311605886097
CNN,1.386907576192062,4.623573626777344,2.1502496661498043,0.4857282111042873
RFR,1.528277605961985,4.8188796734403345,2.195194677799747,0.4640046703742713
