Model,MAE,MSE,RMSE,R2
LSTM,1.415711201031833,5.364123980231238,2.3160578533860585,0.4668154349602943
BiLSTM,1.4293279422806786,5.174655772808213,2.274786973061041,0.4856482442197372
CNN,1.4202045634930136,5.596968162790016,2.365791233982833,0.4436711294488703
RFR,1.5733193204267466,5.494614937911023,2.3440594996524773,0.45384486142983105
