Model,MAE,MSE,RMSE,R2
LSTM,1.3215243832914425,3.092432931843115,1.7585314702453054,0.5875916309012484
BiLSTM,1.3304412129896248,3.1701554417407825,1.7804930333311564,0.5772265189471294
CNN,1.3739058614464639,3.19322253829307,1.7869590197576077,0.5741502796628379
RFR,1.4391749039885806,3.235425840415179,1.7987289513473617,0.5685220266392914
