Model,MAE,MSE,RMSE,R2
LSTM,1.3346903148724283,3.489782031081011,1.868095830272369,0.5529599979987709
BiLSTM,1.3299845708053908,3.4643539243571695,1.861277497945207,0.5562173306285663
CNN,1.4191516335377756,3.750761267653721,1.9366882215921388,0.5195286382746784
RFR,1.4519157238032483,3.5876300420885663,1.8941040209261386,0.5404256979631082
