Model,MAE,MSE,RMSE,R2
LSTM,1.2607235097536167,3.1066001445833074,1.7625550046972456,0.5561416988109269
BiLSTM,1.4426852246700552,3.5992984860071227,1.8971817219252147,0.4857469783302899
CNN,1.6227417459709972,4.760432321072723,2.181841497697008,0.3198489330398493
RFR,1.4169715366558304,3.5626054425107645,1.887486541014469,0.49098953005686063
