Model,MAE,MSE,RMSE,R2
LSTM,1.3755724495165043,4.48854119457467,2.1186177556545376,0.4646874064272567
BiLSTM,1.4256270770490043,4.372841881557084,2.091134113718459,0.4784859428873631
CNN,1.5050478051213578,4.872038021945149,2.207269358720215,0.41895079125822443
RFR,1.468623351678055,4.499078277322625,2.121103080315199,0.4634307324100244
