Model,MAE,MSE,RMSE,R2
LSTM,1.5312023904095675,6.528291450433316,2.5550521424098798,0.4309577275509574
BiLSTM,1.5243712953010762,6.505738716671941,2.5506349634300753,0.432923549537759
CNN,1.5353752015709072,6.479906179238122,2.5455659840668288,0.43517525749474517
RFR,1.5438255508300915,5.912834691487464,2.4316321044696427,0.4846043693045856
