Model,MAE,MSE,RMSE,R2
LSTM,1.61739158382211,8.787651536733351,2.964397331116959,0.3699575669208891
BiLSTM,1.632768092602946,9.218626293132361,3.0362190785798644,0.3390582552012251
CNN,1.722280530677688,9.91426619803429,3.1486927760634713,0.28918342158962096
RFR,1.6785813262169553,8.473279286377602,2.910889775717659,0.39249690597851405
